VISITID,VISITSEQ,PAGEID,PAGESEQ,SUBNUM,USERTYPE,EAMNUM,AENUM,STATUSID_DEC
1234,10,100,1,ABC 1234 001,X,12,4,Party Generated
1234,10,100,1,ABC 1234 002,X,13,2,Party Generated
1234,10,100,1,ABC 1234 003,X,14,4,Party Generated
1234,10,100,1,ABC 1234 004,X,15,5,Party Generated
1234,10,100,1,ABC 1234 005,X,16,2,Party Generated
1234,10,100,2,ABC 1234 006,X,17,1,Party Generated
1234,10,100,2,ABC 1234 007,X,18,24,Party Generated
1234,10,100,2,ABC 1234 008,X,19,3,Party Generated
1234,10,100,2,ABC 1234 009,X,20,1,Party Generated
1234,10,100,2,ABC 1234 010,X,21,4,Party Generated
1234,10,100,2,ABC 1234 011,X,22,ST01,Party Generated
1234,10,100,2,ABC 1234 012,X,23,1,Party Generated
1234,10,100,2,ABC 1234 013,X,24,3,Party Generated
1234,10,100,1,ABC 1234 014,X,25,2,Party Generated
1234,10,100,1,ABC 1234 015,X,26,1,Party Generated
1234,10,100,1,ABC 1234 016,X,27,1,Party Generated
1234,10,100,1,ABC 1234 017,X,28,7,Party Generated
1234,10,100,3,ABC 1234 018,X,29,3,Party Generated
1234,10,100,3,ABC 1234 019,X,30,8,Party Generated
1234,10,100,3,ABC 1234 020,X,31,1,Party Generated
1234,10,100,3,ABC 1234 021,X,32,2,Party Generated
1234,10,100,3,ABC 1234 022,X,33,2,Party Generated
1234,10,100,3,ABC 1234 023,X,34,5,Party Generated
1234,10,100,3,ABC 1234 024,X,35,1,Party Generated
1234,10,100,3,ABC 1234 025,X,36,3,Party Generated
1234,10,100,3,ABC 1234 026,X,37,2,Party Generated
1234,10,100,1,ABC 1234 027,X,38,2,Party Generated
1234,10,100,1,ABC 1234 028,X,39,5,Party Generated
1234,10,100,1,ABC 1234 029,X,40,2,Party Generated
1234,10,100,4,ABC 1234 030,X,41,5,Party Generated
1234,10,100,4,ABC 1234 031,X,42,3,Party Generated
1234,10,100,4,ABC 1234 032,X,43,2,Party Generated
1234,10,100,4,ABC 1234 033,X,44,1,Party Generated
1234,10,100,4,ABC 1234 034,X,45,2,Party Generated
1234,10,100,4,ABC 1234 035,X,46,3,Party Generated
1234,10,100,4,ABC 1234 036,X,47,1,Party Generated
1234,10,100,4,ABC 1234 037,X,48,2,Party Generated
1234,10,100,4,ABC 1234 038,X,49,6,Party Generated
1234,10,100,1,ABC 1234 039,X,50,2,Party Generated
1234,10,100,1,ABC 1234 040,X,51,3,Party Generated
1234,10,100,5,ABC 1234 041,X,52,8,Party Generated
1234,10,100,5,ABC 1234 042,X,53,14,Party Generated
1234,10,100,5,ABC 1234 043,X,54,4,Party Generated
1234,10,100,5,ABC 1234 044,X,55,8,Party Generated
1234,10,100,5,ABC 1234 045,X,56,8,Party Generated
1234,10,100,5,ABC 1234 046,X,57,5,Party Generated
1234,10,100,1,ABC 1234 047,X,58,ST01,Party Generated
1234,10,100,1,ABC 1234 048,X,59,ST01,Party Generated
1234,10,100,1,ABC 1234 049,X,60,ST02,Party Generated
1234,10,100,1,ABC 1234 050,X,61,3,Party Generated
1234,10,100,1,ABC 1234 051,X,62,6,Party Generated
1234,10,100,1,ABC 1234 052,X,63,13,Party Generated
1234,10,100,1,ABC 1234 053,X,64,3,Party Generated
1234,10,100,1,ABC 1234 054,X,65,9,Party Generated
1234,10,100,1,ABC 1234 055,X,66,3,Party Generated
1234,10,100,1,ABC 1234 056,X,67,10,Party Generated
1234,10,100,1,ABC 1234 057,X,68,3,Party Generated
1234,10,100,1,ABC 1234 058,X,69,1,Party Generated
1234,10,100,1,ABC 1234 059,X,70,4,Party Generated
1234,10,100,1,ABC 1234 060,X,71,7,Party Generated
1234,10,100,1,ABC 1234 061,X,72,28,Party Generated
1234,10,100,1,ABC 1234 062,X,73,13,Party Generated
1234,10,100,1,ABC 1234 063,X,74,2,Party Generated
1234,10,100,1,ABC 1234 064,X,75,13,Party Generated
1234,10,100,1,ABC 1234 065,X,76,3,Party Generated
1234,10,100,1,ABC 1234 066,X,77,23,Party Generated
1234,10,100,1,ABC 1234 067,X,78,15,Party Generated
1234,10,100,1,ABC 1234 068,X,79,4,Party Generated
1234,10,100,1,ABC 1234 069,X,80,2,Party Generated
1234,10,100,1,ABC 1234 070,X,81,4,Party Generated
1234,10,100,1,ABC 1234 071,X,82,5,Party Generated
1234,10,100,1,ABC 1234 072,X,83,2,Party Generated
1234,10,100,1,ABC 1234 073,X,84,1,Party Generated
1234,10,100,1,ABC 1234 074,X,85,24,Party Generated
1234,10,100,1,ABC 1234 075,X,86,3,Party Generated
1234,10,100,1,ABC 1234 076,X,87,1,Party Generated
1234,10,100,1,ABC 1234 077,X,88,4,Party Generated
1234,10,100,1,ABC 1234 078,X,89,ST01,Party Generated
1234,10,100,1,ABC 1234 079,X,90,1,Party Generated
1234,10,100,1,ABC 1234 080,X,91,3,Party Generated
1234,10,100,1,ABC 1234 081,X,92,2,Party Generated
1234,10,100,1,ABC 1234 082,X,93,1,Party Generated
1234,10,100,1,ABC 1234 083,X,94,1,Party Generated
1234,10,100,1,ABC 1234 084,X,95,7,Party Generated
1234,10,100,1,ABC 1234 085,X,96,3,Party Generated
1234,10,100,1,ABC 1234 086,X,97,8,Party Generated
1234,10,100,1,ABC 1234 087,X,98,1,Party Generated
1234,10,100,1,ABC 1234 088,X,99,2,Party Generated
1234,10,100,1,ABC 1234 089,X,100,2,Party Generated
1234,10,100,1,ABC 1234 090,X,101,5,Party Generated
1234,10,100,1,ABC 1234 091,X,102,1,Party Generated
1234,10,100,1,ABC 1234 092,X,103,3,Party Generated
1234,10,100,1,ABC 1234 093,X,104,2,Party Generated
1234,10,100,1,ABC 1234 094,X,105,2,Party Generated
1234,10,100,1,ABC 1234 095,X,106,5,Party Generated
1234,10,100,1,ABC 1234 096,X,107,2,Party Generated
1234,10,100,1,ABC 1234 097,X,108,5,Party Generated
1234,10,100,1,ABC 1234 098,X,109,3,Party Generated
1234,10,100,1,ABC 1234 099,X,110,2,Party Generated
1234,10,100,1,ABC 1234 100,X,111,1,Party Generated
1234,10,100,1,ABC 1234 101,X,112,2,Party Generated
1234,10,100,1,ABC 1234 102,X,113,3,Party Generated
1234,10,100,1,ABC 1234 103,X,114,1,Party Generated
1234,10,100,1,ABC 1234 104,X,115,2,Party Generated
1234,10,100,1,ABC 1234 105,X,116,6,Party Generated
1234,10,100,1,ABC 1234 106,X,117,2,Party Generated
1234,10,100,1,ABC 1234 107,X,118,3,Party Generated
1234,10,100,1,ABC 1234 108,X,119,8,Party Generated
1234,10,100,1,ABC 1234 109,X,120,14,Party Generated
1234,10,100,1,ABC 1234 110,X,121,4,Party Generated
1234,10,100,1,ABC 1234 111,X,122,8,Party Generated
1234,10,100,1,ABC 1234 112,X,123,8,Party Generated
1234,10,100,1,ABC 1234 113,X,124,5,Party Generated
1234,10,100,1,ABC 1234 114,X,125,ST01,Party Generated
1234,10,100,1,ABC 1234 115,X,126,ST01,Party Generated
1234,10,100,1,ABC 1234 116,X,127,ST02,Party Generated
1234,10,100,1,ABC 1234 117,X,128,3,Party Generated
1234,10,100,1,ABC 1234 118,X,129,6,Party Generated
1234,10,100,1,ABC 1234 119,X,130,13,Party Generated
1234,10,100,1,ABC 1234 120,X,131,3,Party Generated
1234,10,100,1,ABC 1234 121,X,132,9,Party Generated
1234,10,100,1,ABC 1234 122,X,133,3,Party Generated
1234,10,100,1,ABC 1234 123,X,134,10,Party Generated
1234,10,100,1,ABC 1234 124,X,135,3,Party Generated
1234,10,100,1,ABC 1234 125,X,136,1,Party Generated
1234,10,100,1,ABC 1234 126,X,137,4,Party Generated
1234,10,100,1,ABC 1234 127,X,138,7,Party Generated
1234,10,100,1,ABC 1234 128,X,139,28,Party Generated
1234,10,100,1,ABC 1234 129,X,140,13,Party Generated
1234,10,100,1,ABC 1234 130,X,141,2,Party Generated
1234,10,100,1,ABC 1234 131,X,142,13,Party Generated
1234,10,100,1,ABC 1234 132,X,143,3,Party Generated
1234,10,100,1,ABC 1234 133,X,144,23,Party Generated
1234,10,100,1,ABC 1234 134,X,145,15,Party Generated
1234,10,100,1,ABC 1234 135,X,146,15,Party Generated
1234,10,100,1,ABC 1234 136,X,147,15,Party Generated
1234,10,100,1,ABC 1234 137,X,148,15,Party Generated
1234,10,100,1,ABC 1234 138,X,149,15,Party Generated
1234,10,100,1,ABC 1234 139,X,150,15,Party Generated
1234,10,100,1,ABC 1234 140,X,151,15,Party Generated
1234,10,100,1,ABC 1234 141,X,152,15,Party Generated
1234,10,100,1,ABC 1234 142,X,153,15,Party Generated
1234,10,100,1,ABC 1234 143,X,154,15,Party Generated
1234,10,100,1,ABC 1234 144,X,155,15,Party Generated
1234,10,100,1,ABC 1234 145,X,156,15,Party Generated
1234,10,100,1,ABC 1234 146,X,157,15,Party Generated
1234,10,100,1,ABC 1234 147,X,158,15,Party Generated
1234,10,100,1,ABC 1234 148,X,159,15,Party Generated
1234,10,100,1,ABC 1234 149,X,160,15,Party Generated
1234,10,100,1,ABC 1234 150,X,161,15,Party Generated
1234,10,100,1,ABC 1234 151,X,162,15,Party Generated
1234,10,100,1,ABC 1234 152,X,163,15,Party Generated
1234,10,100,1,ABC 1234 153,X,164,15,Party Generated
1234,10,100,1,ABC 1234 154,X,165,15,Party Generated
1234,10,100,1,ABC 1234 155,X,166,15,Party Generated
1234,10,100,1,ABC 1234 156,X,167,15,Party Generated
1234,10,100,1,ABC 1234 157,X,168,15,Party Generated
1234,10,100,1,ABC 1234 158,X,169,15,Party Generated
1234,10,100,1,ABC 1234 159,X,170,15,Party Generated
1234,10,100,1,ABC 1234 160,X,171,15,Party Generated
1234,10,100,1,ABC 1234 161,X,172,15,Party Generated
1234,10,100,1,ABC 1234 162,X,173,15,Party Generated
1234,10,100,1,ABC 1234 163,X,174,15,Party Generated
1234,10,100,1,ABC 1234 164,X,175,15,Party Generated
1234,10,100,1,ABC 1234 165,X,176,15,Party Generated
1234,10,100,1,ABC 1234 166,X,177,15,Party Generated
1234,10,100,1,ABC 1234 167,X,178,15,Party Generated
1234,10,100,1,ABC 1234 168,X,179,15,Party Generated
1234,10,100,1,ABC 1234 169,X,180,15,Party Generated
1234,10,100,1,ABC 1234 170,X,181,15,Party Generated
1234,10,100,1,ABC 1234 171,X,182,15,Party Generated
1234,10,100,1,ABC 1234 172,X,183,15,Party Generated
1234,10,100,1,ABC 1234 173,X,184,15,Party Generated
1234,10,100,1,ABC 1234 174,X,185,15,Party Generated
1234,10,100,1,ABC 1234 175,X,186,15,Party Generated
1234,10,100,1,ABC 1234 176,X,187,15,Party Generated
1234,10,100,1,ABC 1234 177,X,188,15,Party Generated
1234,10,100,1,ABC 1234 178,X,189,15,Party Generated
1234,10,100,1,ABC 1234 179,X,190,15,Party Generated
1234,10,100,1,ABC 1234 180,X,191,15,Party Generated
1234,10,100,1,ABC 1234 181,X,192,15,Party Generated
1234,10,100,1,ABC 1234 182,X,193,15,Party Generated
1234,10,100,1,ABC 1234 183,X,194,15,Party Generated
1234,10,100,1,ABC 1234 184,X,195,15,Party Generated
1234,10,100,1,ABC 1234 185,X,196,15,Party Generated
1234,10,100,1,ABC 1234 186,X,197,15,Party Generated
1234,10,100,1,ABC 1234 187,X,198,15,Party Generated
1234,10,100,1,ABC 1234 188,X,199,15,Party Generated
1234,10,100,1,ABC 1234 189,X,200,15,Party Generated
1234,10,100,1,ABC 1234 190,X,201,15,Party Generated
1234,10,100,1,ABC 1234 191,X,202,15,Party Generated
1234,10,100,1,ABC 1234 192,X,203,15,Party Generated
1234,10,100,1,ABC 1234 193,X,204,15,Party Generated
1234,10,100,1,ABC 1234 194,X,205,15,Party Generated
1234,10,100,1,ABC 1234 195,X,206,15,Party Generated
1234,10,100,1,ABC 1234 196,X,207,15,Party Generated
1234,10,100,1,ABC 1234 197,X,208,15,Party Generated
1234,10,100,1,ABC 1234 198,X,209,15,Party Generated
1234,10,100,1,ABC 1234 199,X,210,15,Party Generated
1235,10,100,1,ABC 1234 200,X,211,15,Party Not Generated
1236,10,100,1,ABC 1234 201,X,212,15,Party Not Generated
1237,10,100,1,ABC 1234 202,X,213,15,Party Not Generated
1238,10,100,1,ABC 1234 203,X,214,15,Party Not Generated
1239,10,100,1,ABC 1234 204,X,215,15,Party Not Generated
1240,10,100,1,ABC 1234 205,X,216,15,Party Not Generated
1241,10,100,1,ABC 1234 206,X,217,15,Party Not Generated
1242,10,100,1,ABC 1234 207,X,218,15,Party Not Generated
1243,10,100,1,ABC 1234 208,X,219,15,Party Not Generated
1244,10,100,1,ABC 1234 209,X,220,15,Party Not Generated
1245,10,100,1,ABC 1234 210,X,221,15,Party Not Generated
1246,10,100,1,ABC 1234 211,X,222,15,Party Not Generated
1247,10,100,1,ABC 1234 212,X,223,15,Party Not Generated
1248,10,100,1,ABC 1234 213,X,224,15,Party Not Generated
1249,10,100,1,ABC 1234 214,X,225,15,Party Not Generated
1250,10,100,1,ABC 1234 215,X,226,15,Party Not Generated
1251,10,100,1,ABC 1234 216,X,227,15,Party Not Generated
1252,10,100,1,ABC 1234 217,X,228,15,Party Not Generated
1253,10,100,1,ABC 1234 218,X,229,15,Party Not Generated
1254,10,100,1,ABC 1234 219,X,230,15,Party Not Generated
1255,10,100,1,ABC 1234 220,X,231,15,Party Not Generated
1256,10,100,1,ABC 1234 221,X,232,15,Party Not Generated
1257,10,100,1,ABC 1234 222,X,233,15,Party Not Generated
1258,10,100,1,ABC 1234 223,X,234,15,Party Not Generated
1259,10,100,1,ABC 1234 224,X,235,15,Party Not Generated
1260,10,100,1,ABC 1234 225,X,236,15,Party Not Generated
1261,10,100,1,ABC 1234 226,X,237,15,Party Not Generated
1262,10,100,1,ABC 1234 227,X,238,15,Party Not Generated
1263,10,100,1,ABC 1234 228,X,239,15,Party Not Generated
1264,10,100,1,ABC 1234 229,X,240,15,Party Not Generated
1265,10,100,1,ABC 1234 230,X,241,15,Party Not Generated
1266,10,100,1,ABC 1234 231,X,242,15,Party Not Generated
1267,10,100,1,ABC 1234 232,X,243,15,Party Not Generated
1268,10,100,1,ABC 1234 233,X,244,15,Party Not Generated
1269,10,100,1,ABC 1234 234,X,245,15,Party Not Generated
1270,10,100,1,ABC 1234 235,X,246,15,Party Not Generated
1271,10,100,1,ABC 1234 236,X,247,15,Party Not Generated
1272,10,100,1,ABC 1234 237,X,248,15,Party Not Generated
1273,10,100,1,ABC 1234 238,X,249,15,Party Not Generated
1274,10,100,1,ABC 1234 239,X,250,15,Party Not Generated
1275,10,100,1,ABC 1234 240,X,251,15,Party Not Generated
1276,10,100,1,ABC 1234 241,X,252,15,Party Not Generated
1277,10,100,1,ABC 1234 242,X,253,15,Party Not Generated
1278,10,100,1,ABC 1234 243,X,254,15,Party Not Generated
1279,10,100,1,ABC 1234 244,X,255,15,Party Not Generated
1280,10,100,1,ABC 1234 245,X,256,15,Party Not Generated
1281,10,100,1,ABC 1234 246,X,257,15,Party Not Generated
1282,10,100,1,ABC 1234 247,X,258,15,Party Not Generated
1283,10,100,1,ABC 1234 248,X,259,15,Party Not Generated
1284,10,100,1,ABC 1234 249,X,260,15,Party Not Generated
1285,10,100,1,ABC 1234 250,X,261,15,Party Not Generated
1286,10,100,1,ABC 1234 251,X,262,15,Party Not Generated
1287,10,100,1,ABC 1234 252,X,263,15,Party Not Generated
1288,10,100,1,ABC 1234 253,X,264,15,Party Not Generated
1289,10,100,1,ABC 1234 254,X,265,15,Party Not Generated
1290,10,100,1,ABC 1234 255,X,266,15,Party Not Generated
1291,10,100,1,ABC 1234 256,X,267,15,Party Not Generated
1292,10,100,1,ABC 1234 257,X,268,15,Party Not Generated
1293,10,100,1,ABC 1234 258,X,269,15,Party Not Generated
1294,10,100,1,ABC 1234 259,X,270,15,Party Not Generated
1295,10,100,1,ABC 1234 260,X,271,15,Party Not Generated
1296,10,100,1,ABC 1234 261,X,272,15,Party Not Generated
1297,10,100,1,ABC 1234 262,X,273,15,Party Not Generated
1298,10,100,1,ABC 1234 263,X,274,15,Party Not Generated
1299,10,100,1,ABC 1234 264,X,275,15,Party Not Generated
1300,10,100,1,ABC 1234 265,X,276,15,Party Not Generated
1301,10,100,1,ABC 1234 266,X,277,15,Party Not Generated
1302,10,100,1,ABC 1234 267,X,278,15,Party Not Generated
1303,10,100,1,ABC 1234 268,X,279,15,Party Not Generated
1304,10,100,1,ABC 1234 269,X,280,15,Party Not Generated
1305,10,100,1,ABC 1234 270,X,281,15,Party Not Generated
1306,10,100,1,ABC 1234 271,X,282,15,Party Not Generated
1307,10,100,1,ABC 1234 272,X,283,15,Party Not Generated
1308,10,100,1,ABC 1234 273,X,284,15,Party Not Generated
1309,10,100,1,ABC 1234 274,X,285,15,Party Not Generated
1310,10,100,1,ABC 1234 275,X,286,15,Party Not Generated
1311,10,100,1,ABC 1234 276,X,287,15,Party Not Generated
1312,10,100,1,ABC 1234 277,X,288,15,Party Not Generated
1313,10,100,1,ABC 1234 278,X,289,15,Party Not Generated
1314,10,100,1,ABC 1234 279,X,290,15,Party Not Generated
1315,10,100,1,ABC 1234 280,X,291,15,Party Not Generated
1316,10,100,1,ABC 1234 281,X,292,15,Party Not Generated
1317,10,100,1,ABC 1234 282,X,293,15,Party Not Generated
1318,10,100,1,ABC 1234 283,X,294,15,Party Not Generated
1319,10,100,1,ABC 1234 284,X,295,15,Party Not Generated
1320,10,100,1,ABC 1234 285,X,296,15,Party Not Generated
1321,10,100,1,ABC 1234 286,X,297,15,Party Not Generated
1322,10,100,1,ABC 1234 287,X,298,15,Party Not Generated
1323,10,100,1,ABC 1234 288,X,299,15,Party Not Generated
1324,10,100,1,ABC 1234 289,X,300,15,Party Not Generated
1325,10,100,1,ABC 1234 290,X,301,15,Party Not Generated
1326,10,100,1,ABC 1234 291,X,302,15,Party Not Generated
1327,10,100,1,ABC 1234 292,X,303,15,Party Not Generated
1328,10,100,1,ABC 1234 293,X,304,15,Party Not Generated
1329,10,100,1,ABC 1234 294,X,305,15,Party Not Generated
1330,10,100,1,ABC 1234 295,X,306,15,Party Not Generated
1331,10,100,1,ABC 1234 296,X,307,15,Party Not Generated
1332,10,100,1,ABC 1234 297,X,308,15,Party Not Generated
1333,10,100,1,ABC 1234 298,X,309,15,Party Not Generated
1334,10,100,1,ABC 1234 299,X,310,15,Party Not Generated
1335,10,100,1,ABC 1234 300,X,311,15,Party Not Generated
1336,10,100,1,ABC 1234 301,X,312,15,Party Not Generated
1337,10,100,1,ABC 1234 302,X,313,15,Party Not Generated
1338,10,100,1,ABC 1234 303,X,314,15,Party Not Generated
1339,10,100,1,ABC 1234 304,X,315,15,Party Not Generated
1340,10,100,1,ABC 1234 305,X,316,15,Party Not Generated
1341,10,100,1,ABC 1234 306,X,317,15,Party Not Generated
1342,10,100,1,ABC 1234 307,X,318,15,Party Not Generated
1343,10,100,1,ABC 1234 308,X,319,15,Party Not Generated
1344,10,100,1,ABC 1234 309,X,320,15,Party Not Generated
1345,10,100,1,ABC 1234 310,X,321,15,Party Not Generated
1346,10,100,1,ABC 1234 311,X,322,15,Party Not Generated
1347,10,100,1,ABC 1234 312,X,323,15,Party Not Generated
1348,10,100,1,ABC 1234 313,X,324,15,Party Not Generated
1349,10,100,1,ABC 1234 314,X,325,15,Party Not Generated
1350,10,100,1,ABC 1234 315,X,326,15,Party Not Generated
1351,10,100,1,ABC 1234 316,X,327,15,Party Not Generated
1352,10,100,1,ABC 1234 317,X,328,15,Party Not Generated
1353,10,100,1,ABC 1234 318,X,329,15,Party Not Generated
1354,10,100,1,ABC 1234 319,X,330,15,Party Not Generated
1355,10,100,1,ABC 1234 320,X,331,15,Party Not Generated
1356,10,100,1,ABC 1234 321,X,332,15,Party Not Generated
1357,10,100,1,ABC 1234 322,X,333,15,Party Not Generated
1358,10,100,1,ABC 1234 323,X,334,15,Party Not Generated
1359,10,100,1,ABC 1234 324,X,335,15,Party Not Generated
1360,10,100,1,ABC 1234 325,X,336,15,Party Not Generated
1361,10,100,1,ABC 1234 326,X,337,15,Party Not Generated
1362,10,100,1,ABC 1234 327,X,338,15,Party Not Generated
1363,10,100,1,ABC 1234 328,X,339,15,Party Not Generated
1364,10,100,1,ABC 1234 329,X,340,15,Party Not Generated
1365,10,100,1,ABC 1234 330,X,341,15,Party Not Generated
1366,10,100,1,ABC 1234 331,X,342,15,Party Not Generated
1367,10,100,1,ABC 1234 332,X,343,15,Party Not Generated
1368,10,100,1,ABC 1234 333,X,344,15,Party Not Generated
1369,10,100,1,ABC 1234 334,X,345,15,Party Not Generated
1370,10,100,1,ABC 1234 335,X,346,15,Party Not Generated
1371,10,100,1,ABC 1234 336,X,347,15,Party Not Generated
1372,10,100,1,ABC 1234 337,X,348,15,Party Not Generated
1373,10,100,1,ABC 1234 338,X,349,15,Party Not Generated
1374,10,100,1,ABC 1234 339,X,350,15,Party Not Generated
1375,10,100,1,ABC 1234 340,X,351,15,Party Not Generated
1376,10,100,1,ABC 1234 341,X,352,15,Party Not Generated
1377,10,100,1,ABC 1234 342,X,353,15,Party Not Generated
1378,10,100,1,ABC 1234 343,X,354,15,Party Not Generated
1379,10,100,1,ABC 1234 344,X,355,15,Party Not Generated
1380,10,100,1,ABC 1234 345,X,356,15,Party Not Generated
1381,10,100,1,ABC 1234 346,X,357,15,Party Not Generated
1382,10,100,1,ABC 1234 347,X,358,15,Party Not Generated
1383,10,100,1,ABC 1234 348,X,359,15,Party Not Generated
1384,10,100,1,ABC 1234 349,X,360,15,Party Not Generated
1385,10,100,1,ABC 1234 350,X,361,15,Party Not Generated
1386,10,100,1,ABC 1234 351,X,362,15,Party Not Generated
1387,10,100,1,ABC 1234 352,X,363,15,Party Not Generated
1388,10,100,1,ABC 1234 353,X,364,15,Party Not Generated
1389,10,100,1,ABC 1234 354,X,365,15,Party Not Generated
1390,10,100,1,ABC 1234 355,X,366,15,Party Not Generated
1391,10,100,1,ABC 1234 356,X,367,15,Party Not Generated
1392,10,100,1,ABC 1234 357,X,368,15,Party Not Generated
1393,10,100,1,ABC 1234 358,X,369,15,Party Not Generated
1394,10,100,1,ABC 1234 359,X,370,15,Party Not Generated
1395,10,100,1,ABC 1234 360,X,371,15,Party Not Generated
1396,10,100,1,ABC 1234 361,X,372,15,Party Not Generated
1397,10,100,1,ABC 1234 362,X,373,15,Party Not Generated
1398,10,100,1,ABC 1234 363,X,374,15,Party Not Generated
1399,10,100,1,ABC 1234 364,X,375,15,Party Not Generated
1400,10,100,1,ABC 1234 365,X,376,15,Party Not Generated
1401,10,100,1,ABC 1234 366,X,377,15,Party Not Generated
1402,10,100,1,ABC 1234 367,X,378,15,Party Not Generated
1403,10,100,1,ABC 1234 368,X,379,15,Party Not Generated
1404,10,100,1,ABC 1234 369,X,380,15,Party Not Generated
1405,10,100,1,ABC 1234 370,X,381,15,Party Not Generated
1406,10,100,1,ABC 1234 371,X,382,15,Party Not Generated
1407,10,100,1,ABC 1234 372,X,383,15,Party Not Generated
1408,10,100,1,ABC 1234 373,X,384,15,Party Not Generated
1409,10,100,1,ABC 1234 374,X,385,15,Party Not Generated
1410,10,100,1,ABC 1234 375,X,386,15,Party Not Generated
1411,10,100,1,ABC 1234 376,X,387,15,Party Not Generated
1412,10,100,1,ABC 1234 377,X,388,15,Party Not Generated
1413,10,100,1,ABC 1234 378,X,389,15,Party Not Generated
1414,10,100,1,ABC 1234 379,X,390,15,Party Not Generated
1415,10,100,1,ABC 1234 380,X,391,15,Party Not Generated
1416,10,100,1,ABC 1234 381,X,392,15,Party Not Generated
1417,10,100,1,ABC 1234 382,X,393,15,Party Not Generated
1418,10,100,1,ABC 1234 383,X,394,15,Party Not Generated
1419,10,100,1,ABC 1234 384,X,395,15,Party Not Generated
1420,10,100,1,ABC 1234 385,X,396,15,Party Not Generated
1421,10,100,1,ABC 1234 386,X,397,15,Party Not Generated
1422,10,100,1,ABC 1234 387,X,398,15,Party Not Generated
1423,10,100,1,ABC 1234 388,X,399,15,Party Not Generated
1424,10,100,1,ABC 1234 389,X,400,15,Party Not Generated
1425,10,100,1,ABC 1234 390,X,401,15,Party Not Generated
1426,10,100,1,ABC 1234 391,X,402,15,Party Not Generated
1427,10,100,1,ABC 1234 392,X,403,15,Party Not Generated
1428,10,100,1,ABC 1234 393,X,404,15,Party Not Generated
1429,10,100,1,ABC 1234 394,X,405,15,Party Not Generated
1430,10,100,1,ABC 1234 395,X,406,15,Party Not Generated
1431,10,100,1,ABC 1234 396,X,407,15,Party Not Generated
1432,10,100,1,ABC 1234 397,X,408,15,Party Not Generated
1433,10,100,1,ABC 1234 398,X,409,15,Party Not Generated
1433,10,100,1,ABC 1234 399,X,410,15,Party Not Generated
